family,operation,clients,queries,before_median_qps,before_min_qps,before_max_qps,before_peak_rss_mib,optimized_median_qps,optimized_min_qps,optimized_max_qps,optimized_peak_rss_mib,impacts_median_qps,impacts_min_qps,impacts_max_qps,impacts_peak_rss_mib,luxir_median_qps,luxir_min_qps,luxir_max_qps,luxir_peak_rss_mib
and_high_low,COUNT,8,7,16823.446930613598,16662.666566743665,16866.859495450455,1136.6484375,16277.608989591152,16225.27126181976,16283.243733945235,1139.8359375,15553.32364029717,15171.352653553626,15750.860798567073,1139.55078125,13605.6204102461,13579.315588915002,13626.113720782452,214.015625
and_high_low,TOP_10,8,7,9135.459235626007,9092.939716973377,9155.2479238488,1136.5390625,9229.019838214825,9215.783868612163,9232.913714146753,1139.76953125,9247.950425561865,9231.5147396617,9249.625399370556,1139.48046875,10642.071074900015,10626.930014570302,10650.105879349314,214.02734375
and_high_low,TOP_100,8,7,7056.698330370837,7033.764350709636,7087.489294923462,1136.6328125,7170.08899840348,7149.548644572718,7175.957886990046,1139.80859375,7121.845025278561,7118.934165755703,7126.645333193717,1139.54296875,8256.662835741492,8253.537645764041,8305.828843141788,214.0390625
low_phrase,COUNT,8,7,321.18008748512284,321.17915078974136,321.5640771320123,1136.9453125,383.3169624090925,382.6078911627467,383.51385012741946,1140.140625,382.8748281703273,382.553056988413,383.864904587125,1139.9921875,413.1351526299701,412.591757356508,413.64652293088574,214.08203125
low_phrase,TOP_10,8,7,2537.77899178608,2531.4803838801363,2538.1399889819813,1136.875,3080.5720639615324,3069.3433425161197,3084.2074970938224,1140.0234375,2940.2560335370754,2927.117867631026,2947.529783091362,1139.8125,1495.302330122177,1486.1918802858538,1496.284945655986,214.08203125
low_phrase,TOP_100,8,7,952.6346982095869,948.7646035948108,953.3708447109269,1136.93359375,939.9177557604685,939.5467317545331,941.7394693324034,1140.1171875,802.9790032554345,801.4426935328715,803.2579255492027,1139.98828125,758.8235951213316,758.5432704706574,761.1391842648097,214.08203125
med_phrase,COUNT,8,1,98.53443262107626,98.37278642661435,98.68086872984294,1136.984375,138.10532427409936,138.04854738634978,138.18306865402823,1140.1796875,137.91499840722605,137.83877252162634,138.03366278385934,1140.04296875,121.05497588680608,121.04616294043139,121.09565498447157,214.09375
med_phrase,TOP_10,8,1,2121.433250741905,2116.882444001494,2125.20433859211,1136.96484375,3130.255948995041,3113.0593767694522,3131.9501140170605,1140.1640625,6351.565956819512,6343.709916304764,6370.670884350571,1140.0234375,3539.7872436101434,3538.5937449103662,3540.1227957499095,214.08203125
med_phrase,TOP_100,8,1,1316.2478321053877,1316.128907711679,1317.2942846156084,1136.984375,2011.5166048006774,2009.8717333530926,2011.659155801032,1140.1640625,2433.786227727327,2430.5707597433275,2437.8822337315896,1140.04296875,1180.401473891459,1178.0546337439637,1181.2418340922943,214.109375
