family,operation,clients,queries,current_median_qps,current_min_qps,current_max_qps,current_peak_rss_mib,candidate_median_qps,candidate_min_qps,candidate_max_qps,candidate_peak_rss_mib,luxir_median_qps,luxir_min_qps,luxir_max_qps,luxir_peak_rss_mib
and_high_low,COUNT,32,7,76093.85372204114,75928.6869411091,76809.04060836179,1147.3671875,61823.68569328011,61510.92334110184,61975.03474248771,1145.86328125,66996.24439640161,66954.50657229888,67099.51888698334,158.4140625
and_high_low,TOP_10,32,7,46628.4415578755,46175.166137703796,46974.63447333211,1143.94921875,50785.21817715801,50700.07421191014,50845.827349549836,1142.96484375,53968.919545452416,53932.10816637861,54048.710566461115,158.19921875
and_high_low,TOP_100,32,7,40727.847622540576,40724.91936339576,40842.47902196553,1145.00390625,42720.091053106764,42575.45184088807,42846.136378475145,1143.875,42887.016555605675,42733.20147588063,42890.92750564342,158.36328125
low_phrase,COUNT,32,7,2039.1141928242876,2038.8899426752423,2040.7069925050114,1151.1171875,2038.1726243565392,2037.468194774666,2039.22954232866,1149.43359375,2077.9981961087838,2076.6617436298093,2081.2284050977437,158.5390625
low_phrase,TOP_10,32,7,16241.093611436323,16206.220263965777,16245.053344874956,1150.4765625,16977.492869914706,16953.272803189335,17001.42575059066,1149.01171875,7617.550466549134,7596.156064613814,7624.249978237093,158.4765625
low_phrase,TOP_100,32,7,5148.002595840583,5126.30491082697,5149.163503160341,1150.78515625,5165.138720472896,5153.726129073664,5168.172659691804,1149.2734375,3855.8605901609903,3854.836415782368,3857.537061234142,158.4765625
med_phrase,COUNT,32,1,727.5350381188251,726.9579191549351,727.8337028104544,1151.359375,726.9142649374543,726.9128402033541,727.3978561202376,1149.68359375,606.8435993783871,606.4734862799711,607.6094817571116,158.89453125
med_phrase,TOP_10,32,1,15759.507673428177,15732.329893439417,15804.471941225645,1151.2578125,16726.438169918667,16632.350031300582,16730.107544289567,1149.51171875,17655.973381164284,17652.79418812241,17657.782194993903,158.5390625
med_phrase,TOP_100,32,1,10511.709292601532,10506.57460871784,10533.67677714003,1151.3125,10870.65749352076,10861.450868868284,10901.13922817569,1149.59765625,5980.865464436412,5976.101788803164,5992.8373544771575,158.90234375
