family,operation,clients,queries,before_median_qps,before_min_qps,before_max_qps,before_peak_rss_mib,optimized_median_qps,optimized_min_qps,optimized_max_qps,optimized_peak_rss_mib,rgb_median_qps,rgb_min_qps,rgb_max_qps,rgb_peak_rss_mib
and_high_low,COUNT,8,7,15487.419009128002,15321.50117101009,15506.309317781577,1137.3046875,16272.959612883533,16248.509031273354,16283.859116977894,1137.9296875,26648.242747740867,26481.26292052787,26687.00990438477,1217.16015625
and_high_low,TOP_10,8,7,9173.529975844629,9143.515616999584,9187.664429744367,1137.1953125,9356.0051014331,9331.500902615378,9412.263631554786,1137.76171875,15596.097500625932,15494.816155327268,15643.42908585423,1216.8125
and_high_low,TOP_100,8,7,6995.43907111504,6984.399816554964,7087.09824970551,1137.28125,7144.539796634545,7144.464132354374,7206.591594716302,1137.91015625,9586.812548845748,9575.930334599358,9628.146116159105,1216.8828125
low_phrase,COUNT,8,7,265.75862276414085,265.75242399916607,265.8109200111017,1137.33984375,258.1672495239216,257.8364116315086,258.21649652497575,1138.0,310.7772287855478,310.5753618123599,310.8132151095682,1217.39453125
low_phrase,TOP_10,8,7,452.4611739420981,450.6862414391392,456.18605577152124,1137.31640625,478.38802387448146,478.34947715373335,483.9031916616251,1137.9375,995.6310844939009,995.5905653352379,1004.3637979672781,1217.2890625
low_phrase,TOP_100,8,7,359.6880749075543,357.45061084558307,360.52649131813035,1137.33203125,364.1951214657201,361.0158047841282,365.7620391682655,1137.96875,554.5701846995452,553.7515598043361,558.6405008671848,1217.39453125
med_phrase,COUNT,8,1,69.51972216518514,69.50506078709563,69.59064234498433,1137.36328125,68.7674511051515,68.65164711676783,68.80116566226216,1138.02734375,65.80088381798961,65.70511508672094,65.9246641172069,1217.40234375
med_phrase,TOP_10,8,1,186.249261099156,186.24049153403212,186.612095925799,1137.34375,188.61440527227745,188.08879038987104,188.78759754069875,1138.015625,194.62034236412813,194.55982109151532,195.98756842089836,1217.3984375
med_phrase,TOP_100,8,1,181.89259514050485,181.80134326613612,182.20382505739886,1137.359375,182.69314036677866,181.8982356563945,182.86353527949822,1138.0234375,186.35994749621733,185.78169267172086,186.92194332948773,1217.3984375
