family,operation,clients,queries,before_median_qps,before_min_qps,before_max_qps,before_peak_rss_mib,optimized_median_qps,optimized_min_qps,optimized_max_qps,optimized_peak_rss_mib,luxir_median_qps,luxir_min_qps,luxir_max_qps,luxir_peak_rss_mib
and_high_low,COUNT,8,7,16368.530898917705,16114.63762516749,16413.466203166456,1136.34765625,16150.811486404971,16107.059720895782,16216.46475476634,1136.42578125,13545.477716534753,13486.24309562973,13609.905012646368,151.47265625
and_high_low,TOP_10,8,7,9380.84332220576,9367.016303746048,9427.388905168154,1136.23046875,9255.121250832368,9244.57966097101,9289.287510827975,1136.35546875,10686.842291157916,10644.580020882537,10695.50018565409,151.45703125
and_high_low,TOP_100,8,7,7244.838712856807,7226.192414515595,7264.360381517779,1136.31640625,7187.141250077796,7172.314402046016,7202.193932917786,1136.42578125,8381.10021855493,8364.253105654678,8387.668066921477,151.48828125
low_phrase,COUNT,8,7,320.94358618749976,320.8516689894209,321.1120618730702,1136.42578125,322.3476570082732,322.1028953157505,322.43549398019815,1136.65625,409.58306091699865,409.31705088926367,410.85838934617925,151.5390625
low_phrase,TOP_10,8,7,677.482277087599,677.1013207074725,679.9514900357678,1136.390625,2605.4784431460835,2589.9001120839275,2609.3821583206995,1136.63671875,1509.79062389339,1494.969657988074,1513.1983789043106,151.5390625
low_phrase,TOP_100,8,7,449.2355603905821,448.83716441187784,449.57222275537725,1136.41015625,968.5499853949913,964.542174309459,972.5326942928904,1136.65234375,765.6213273010172,760.2419399544133,765.644393107807,151.5390625
med_phrase,COUNT,8,1,98.83402881185546,98.73304356547224,98.8720676509755,1136.45703125,97.30472688083799,97.10243846319754,97.6897239169786,1136.67578125,121.2493866358769,120.96734511049887,121.44512612141443,151.5546875
med_phrase,TOP_10,8,1,1099.4558945815897,1095.424095022555,1100.9941196400753,1136.44921875,2128.596071150674,2126.5916191341216,2138.672246192049,1136.65625,3523.6405241742646,3523.37740362686,3527.23032961716,151.5390625
med_phrase,TOP_100,8,1,820.9947446123873,819.4828410644022,823.9710896616617,1136.44921875,1343.441330615118,1341.6108145245787,1346.540009572788,1136.671875,1195.7606459147996,1195.1723396389405,1196.5673071373878,151.5625
