family,operation,clients,queries,before_median_qps,before_min_qps,before_max_qps,before_peak_rss_mib,optimized_median_qps,optimized_min_qps,optimized_max_qps,optimized_peak_rss_mib,rgb_median_qps,rgb_min_qps,rgb_max_qps,rgb_peak_rss_mib,impacts_median_qps,impacts_min_qps,impacts_max_qps,impacts_peak_rss_mib,elasticsearch_median_qps,elasticsearch_min_qps,elasticsearch_max_qps,elasticsearch_peak_rss_mib,opensearch_median_qps,opensearch_min_qps,opensearch_max_qps,opensearch_peak_rss_mib,luxir_median_qps,luxir_min_qps,luxir_max_qps,luxir_peak_rss_mib
and_high_low,COUNT,32,7,48278.0169816599,48213.89417051579,51060.60896283756,1279.10546875,49210.252221773866,48919.83892322058,49359.24145095713,1279.48828125,53420.93789985234,51672.50991104972,53445.93940769034,1377.34765625,51801.350213887075,50177.081450057456,53472.10872392257,1279.58203125,29209.494711997384,29170.898074736724,29327.295301287202,9272.265625,23131.447542793987,23024.256038638243,23264.972879879024,9315.92578125,65301.695397597796,65015.533751799834,65569.0265893332,223.91796875
and_high_low,TOP_10,32,7,38637.16597445511,38450.73623196308,38855.40356793833,1273.4609375,39915.48297650408,39903.060612055815,40230.443842799905,1274.015625,45426.06240463307,44697.24344823685,45516.30375615958,1370.375,40253.47850375595,40084.93337479188,40256.33822042811,1274.03125,22199.367118809845,21441.12258549086,22532.215309957697,9269.22265625,25040.512132105632,23524.61544614218,25083.961659157558,9310.13671875,52814.02941435106,52798.34841241894,52977.9316153091,223.67578125
and_high_low,TOP_100,32,7,20345.149214959743,20211.502681756265,20685.805899896717,1278.87109375,20595.949618694358,20569.946051311843,20836.227017670495,1279.31640625,23746.298329751065,23568.145687233213,23897.461715778,1376.59375,20592.175681526678,20485.563762615762,20737.441763374285,1279.35546875,18309.426231782443,18235.37219880011,18435.395436122613,9270.2890625,19499.274835784785,19486.27644211424,19542.40518049523,9313.0625,42103.45673800352,42072.781453414435,42296.37621567135,223.8671875
low_phrase,COUNT,32,7,1620.004691102781,1618.088988783531,1624.1235029898094,1282.78125,1960.8597460881585,1960.1094193488727,1963.5203505701727,1283.2578125,2876.7626069759262,2870.660465249092,2877.2968613934495,1380.76171875,1963.993618656486,1962.616890543734,1965.0356251704688,1283.71875,344.4339678892852,338.31139213844494,349.3267761468824,9272.81640625,348.73404513519523,346.4306024795757,351.04044465806976,9318.42578125,2066.747648949848,2065.2716469049324,2066.897766490644,224.04296875
low_phrase,TOP_10,32,7,12635.28562931102,12540.77437083831,12662.372196222776,1282.03515625,15273.632611805597,15251.034927567734,15373.028540710104,1282.37890625,7927.433587754927,7910.662430640236,7946.594562417591,1380.22265625,14602.466864791326,14551.66160328278,14648.849276981164,1282.9921875,2899.9435109302262,2811.5475905007193,2922.500532792216,9272.5078125,3020.0195187473614,2993.2009919020506,3025.0211425561697,9316.7578125,7565.558999948304,7513.196840063229,7581.386991310868,223.98046875
low_phrase,TOP_100,32,7,4619.828843498807,4581.131419641222,4652.01131004431,1282.58203125,4644.3980746661355,4634.201919565928,4650.454127664404,1282.96484375,5123.543861227683,5117.5028746298285,5128.16435369701,1380.59375,3978.541747144173,3968.2429518045687,3985.719753196151,1283.49609375,1174.0768611592853,1171.9323389911733,1187.070562787309,9272.68359375,1124.5760943092064,1103.3214312550563,1127.4909110413323,9317.8984375,3788.6702521873394,3785.5201899766807,3790.320356997427,223.98046875
med_phrase,COUNT,32,1,496.6966408523635,496.67955492581893,497.3103415943244,1282.9453125,701.5509434107059,701.1539222748607,701.5919763467136,1283.671875,714.4477093471143,714.0251377897478,715.3410238147292,1380.94921875,699.474509742946,698.8876805107168,700.9052873567751,1284.3203125,428.1026824987708,427.90971168742675,428.7072569387542,9274.6796875,268.0436500063621,267.623721810925,268.69675866104006,9363.87109375,608.4819552000774,608.1032637769607,609.5714395902054,224.3984375
med_phrase,TOP_10,32,1,10248.209539997168,10247.761157066036,10249.16551045507,1282.828125,14896.378891854802,14773.580486339531,14950.995298474865,1283.3359375,15879.837802868238,15867.247612466914,15888.845322850604,1380.8671875,27084.887496365034,27021.375294199916,27208.272522668107,1283.8125,5211.159171511639,5035.156226123335,5290.825748330568,9273.87890625,4493.170901993343,4477.226393035634,4498.887188462093,9319.33984375,17579.500677217027,17579.20080499855,17595.067231314868,224.04296875
med_phrase,TOP_100,32,1,6290.125990158611,6266.827901602084,6302.683545392389,1282.9375,9053.706232696766,9031.342558602311,9092.649985461418,1283.62890625,7139.462941996522,7121.603981677472,7146.349402881934,1380.91015625,10651.138507798627,10582.067676221635,10665.130522653457,1284.28515625,1531.0339380548123,1530.051757149382,1531.0441923959834,9274.1171875,1196.8373436441314,1188.4086288202138,1200.8088993745403,9320.0625,5972.469607069436,5971.634307296942,5985.664704282961,224.40625
